{
  "initial_cash": 100000.0,
  "final_equity": 81345.5212138539,
  "total_return_pct": -18.65447878614609,
  "trade_count": 9,
  "win_rate_pct": 55.55555555555556
}