{
  "feature_names": [
    "ret_1",
    "ret_2",
    "ret_3",
    "ret_5",
    "ret_8",
    "ret_13",
    "ret_21",
    "log_ret_1",
    "log_ret_5",
    "roc_5",
    "roc_10",
    "roc_20",
    "momentum_accel",
    "price_percentile",
    "dist_MA5",
    "slope_MA5",
    "dist_MA10",
    "slope_MA10",
    "dist_MA20",
    "slope_MA20",
    "dist_MA60",
    "slope_MA60",
    "ma_cross_5_20",
    "ma_cross_5_20_prev",
    "ma_cross_10_60",
    "macd_dif",
    "macd_dea",
    "macd_bar",
    "macd_bar_change",
    "macd_cross",
    "macd_cross_prev",
    "atr_14",
    "atr_5",
    "rsi6",
    "rsi6_slope",
    "rsi12",
    "rsi12_slope",
    "k",
    "d",
    "j",
    "cci",
    "cci_slope",
    "hvol_5",
    "hvol_20",
    "hvol_ratio",
    "hl_position",
    "dist_high_20",
    "dist_low_20",
    "vol_ratio_5_20",
    "vol_change",
    "vol_price_corr_10",
    "vol_price_agree",
    "taker_buy_ratio",
    "body_ratio",
    "upper_shadow_ratio",
    "lower_shadow_ratio",
    "is_bull",
    "bull_streak",
    "bear_streak",
    "avg_body_3",
    "max_range_3",
    "hour_sin",
    "hour_cos",
    "dow_sin",
    "dow_cos",
    "cum_ret_5_rank",
    "cum_ret_20_rank",
    "sharpe_5",
    "sharpe_20",
    "funding_rate",
    "funding_rate_ma",
    "oi_change",
    "oi_change_5"
  ],
  "feature_importance": {
    "ret_1": 87.10379791259766,
    "ret_2": 55.35159873962402,
    "ret_3": 27.9753999710083,
    "ret_5": 26.10830020904541,
    "ret_8": 13.88539981842041,
    "ret_13": 16.739900588989258,
    "ret_21": 103.46989917755127,
    "log_ret_1": 0.0,
    "log_ret_5": 12.189399719238281,
    "roc_5": 0.0,
    "roc_10": 11.490400314331055,
    "roc_20": 84.83349990844727,
    "momentum_accel": 29.75059986114502,
    "price_percentile": 29.24839973449707,
    "dist_MA5": 65.04720115661621,
    "slope_MA5": 13.645700454711914,
    "dist_MA10": 25.532100677490234,
    "slope_MA10": 36.63980007171631,
    "dist_MA20": 0.0,
    "slope_MA20": 25.030799865722656,
    "dist_MA60": 57.82730007171631,
    "slope_MA60": 32.73879909515381,
    "ma_cross_5_20": 14.075400352478027,
    "ma_cross_5_20_prev": 103.44689846038818,
    "ma_cross_10_60": 162.70660018920898,
    "macd_dif": 93.73979949951172,
    "macd_dea": 110.6117000579834,
    "macd_bar": 87.71869945526123,
    "macd_bar_change": 13.641900062561035,
    "macd_cross": 0.0,
    "macd_cross_prev": 0.0,
    "atr_14": 352.5101013183594,
    "atr_5": 1410.7073888778687,
    "rsi6": 28.337799072265625,
    "rsi6_slope": 37.148600578308105,
    "rsi12": 13.778900146484375,
    "rsi12_slope": 51.802499771118164,
    "k": 25.997800827026367,
    "d": 122.97210121154785,
    "j": 28.129599571228027,
    "cci": 37.154500007629395,
    "cci_slope": 14.68120002746582,
    "hvol_5": 85.83009910583496,
    "hvol_20": 390.8732023239136,
    "hvol_ratio": 126.99749946594238,
    "hl_position": 28.211999893188477,
    "dist_high_20": 180.07650089263916,
    "dist_low_20": 95.6830997467041,
    "vol_ratio_5_20": 151.19970035552979,
    "vol_change": 18.094900131225586,
    "vol_price_corr_10": 27.25409984588623,
    "vol_price_agree": 0.0,
    "taker_buy_ratio": 45.641600608825684,
    "body_ratio": 14.024200439453125,
    "upper_shadow_ratio": 40.45429992675781,
    "lower_shadow_ratio": 30.254199981689453,
    "is_bull": 0.0,
    "bull_streak": 12.075400352478027,
    "bear_streak": 11.62969970703125,
    "avg_body_3": 64.73999977111816,
    "max_range_3": 518.5286989212036,
    "hour_sin": 32.110899925231934,
    "hour_cos": 81.1850996017456,
    "dow_sin": 195.65039825439453,
    "dow_cos": 24.17240047454834,
    "cum_ret_5_rank": 27.08180046081543,
    "cum_ret_20_rank": 29.220499992370605,
    "sharpe_5": 43.90970039367676,
    "sharpe_20": 31.460400581359863,
    "funding_rate": 131.1531000137329,
    "funding_rate_ma": 119.87369918823242,
    "oi_change": 0.0,
    "oi_change_5": 0.0
  },
  "train_metrics": {
    "val_auc": 0.5436,
    "test_auc": 0.5537,
    "train_samples": 34991,
    "val_samples": 4350,
    "test_samples": 4350,
    "best_iteration": 7,
    "num_features": 73
  },
  "optuna_params": {
    "boosting_type": "gbdt",
    "num_leaves": 34,
    "learning_rate": 0.0102,
    "feature_fraction": 0.573,
    "bagging_fraction": 0.513,
    "bagging_freq": 3,
    "min_child_samples": 56,
    "lambda_l1": 0.0114,
    "lambda_l2": 0.2146
  },
  "feat_mean": {
    "ret_1": 4.386e-05,
    "ret_2": 8.797e-05,
    "ret_3": 0.00013039,
    "ret_5": 0.00021308,
    "ret_8": 0.00033699,
    "ret_13": 0.0005512,
    "ret_21": 0.00089409,
    "log_ret_1": 9.86e-06,
    "log_ret_5": 4.794e-05,
    "roc_5": 0.00021308,
    "roc_10": 0.00042232,
    "roc_20": 0.00085146,
    "momentum_accel": 0.00040439,
    "price_percentile": 0.51982938,
    "dist_MA5": 3.26e-05,
    "slope_MA5": 7.716e-05,
    "dist_MA10": 8.19e-05,
    "slope_MA10": 5.537e-05,
    "dist_MA20": 0.00018528,
    "slope_MA20": 4.3e-05,
    "dist_MA60": 0.00059256,
    "slope_MA60": 3.607e-05,
    "ma_cross_5_20": 0.00011337,
    "ma_cross_5_20_prev": 0.00011338,
    "ma_cross_10_60": 0.00042384,
    "macd_dif": -0.0001616,
    "macd_dea": -0.00016041,
    "macd_bar": -2.39e-06,
    "macd_bar_change": 0.00019303,
    "macd_cross": -0.00917379,
    "macd_cross_prev": -0.00917379,
    "atr_14": 0.01089457,
    "atr_5": 0.01089416,
    "rsi6": 0.50672134,
    "rsi6_slope": 3.46e-06,
    "rsi12": 0.50553003,
    "rsi12_slope": -4e-08,
    "k": 0.52370918,
    "d": 0.52371317,
    "j": 0.52370119,
    "cci": 0.01005023,
    "cci_slope": -9.062e-05,
    "hvol_5": 0.03136183,
    "hvol_20": 0.03413795,
    "hvol_ratio": 0.9261049,
    "hl_position": 0.51399063,
    "dist_high_20": -0.02521217,
    "dist_low_20": 0.02754682,
    "vol_ratio_5_20": 1.00797936,
    "vol_change": 0.18512712,
    "vol_price_corr_10": -0.04386513,
    "vol_price_agree": -0.02125118,
    "taker_buy_ratio": 0.49758017,
    "body_ratio": 0.43228196,
    "upper_shadow_ratio": 0.27551391,
    "lower_shadow_ratio": 0.29220414,
    "is_bull": 0.50481552,
    "bull_streak": 0.93232546,
    "bear_streak": 0.90060301,
    "avg_body_3": 0.00513686,
    "max_range_3": 0.01511856,
    "hour_sin": -0.00033103,
    "hour_cos": 0.00016166,
    "dow_sin": -0.00122286,
    "dow_cos": 0.00035073,
    "cum_ret_5_rank": 0.50423728,
    "cum_ret_20_rank": 0.50161565,
    "sharpe_5": 0.09396504,
    "sharpe_20": 0.2201213,
    "funding_rate": 0.00010321,
    "funding_rate_ma": 0.00010335,
    "oi_change": 0.0,
    "oi_change_5": 0.0
  },
  "feat_std": {
    "ret_1": 0.00823287,
    "ret_2": 0.01167731,
    "ret_3": 0.01423265,
    "ret_5": 0.01814277,
    "ret_8": 0.02277146,
    "ret_13": 0.02911611,
    "ret_21": 0.03706539,
    "log_ret_1": 0.00825312,
    "log_ret_5": 0.01819447,
    "roc_5": 0.01814277,
    "roc_10": 0.02550222,
    "roc_20": 0.0361859,
    "momentum_accel": 66.55519479,
    "price_percentile": 0.33743186,
    "dist_MA5": 0.00898457,
    "slope_MA5": 0.00983685,
    "dist_MA10": 0.01364307,
    "slope_MA10": 0.00729882,
    "dist_MA20": 0.02010256,
    "slope_MA20": 0.00532069,
    "dist_MA60": 0.03514268,
    "slope_MA60": 0.00308025,
    "ma_cross_5_20": 0.01569814,
    "ma_cross_5_20_prev": 0.01569821,
    "ma_cross_10_60": 0.02969455,
    "macd_dif": 0.00934035,
    "macd_dea": 0.00880666,
    "macd_bar": 0.00551475,
    "macd_bar_change": 3.66693943,
    "macd_cross": 0.99997221,
    "macd_cross_prev": 0.99997221,
    "atr_14": 0.00699236,
    "atr_5": 0.00777254,
    "rsi6": 0.22461038,
    "rsi6_slope": 0.25221843,
    "rsi12": 0.16985676,
    "rsi12_slope": 0.14973319,
    "k": 0.20072145,
    "d": 0.17480462,
    "j": 0.3141506,
    "cci": 0.55845656,
    "cci_slope": 0.5614647,
    "hvol_5": 0.02574242,
    "hvol_20": 0.02171881,
    "hvol_ratio": 0.39952809,
    "hl_position": 0.28687681,
    "dist_high_20": 0.02754867,
    "dist_low_20": 0.02571683,
    "vol_ratio_5_20": 0.40124193,
    "vol_change": 1.04244793,
    "vol_price_corr_10": 0.49274277,