{
  "multi_horizon": true,
  "best_head": "24h",
  "seq_len": 48,
  "input_dim": 80,
  "hidden_dim": 192,
  "num_layers": 2,
  "dropout": 0.3,
  "feature_names": [
    "ret_1",
    "ret_2",
    "ret_3",
    "ret_5",
    "ret_8",
    "ret_13",
    "ret_21",
    "log_ret_1",
    "log_ret_5",
    "roc_5",
    "roc_10",
    "roc_20",
    "momentum_accel",
    "price_percentile",
    "dist_MA5",
    "slope_MA5",
    "dist_MA10",
    "slope_MA10",
    "dist_MA20",
    "slope_MA20",
    "dist_MA60",
    "slope_MA60",
    "ma_cross_5_20",
    "ma_cross_5_20_prev",
    "ma_cross_10_60",
    "macd_dif",
    "macd_dea",
    "macd_bar",
    "macd_bar_change",
    "macd_cross",
    "macd_cross_prev",
    "atr_14",
    "atr_5",
    "rsi6",
    "rsi6_slope",
    "rsi12",
    "rsi12_slope",
    "k",
    "d",
    "j",
    "cci",
    "cci_slope",
    "hvol_5",
    "hvol_20",
    "hvol_ratio",
    "hl_position",
    "dist_high_20",
    "dist_low_20",
    "vol_ratio_5_20",
    "vol_change",
    "vol_price_corr_10",
    "vol_price_agree",
    "taker_buy_ratio",
    "ofi",
    "ofi_ma5",
    "ofi_std5",
    "cum_ofi",
    "cum_ofi_slope",
    "large_trade_ratio",
    "buy_sell_pressure",
    "body_ratio",
    "upper_shadow_ratio",
    "lower_shadow_ratio",
    "is_bull",
    "bull_streak",
    "bear_streak",
    "avg_body_3",
    "max_range_3",
    "hour_sin",
    "hour_cos",
    "dow_sin",
    "dow_cos",
    "cum_ret_5_rank",
    "cum_ret_20_rank",
    "sharpe_5",
    "sharpe_20",
    "funding_rate",
    "funding_rate_ma",
    "oi_change",
    "oi_change_5"
  ],
  "feat_mean": [
    0.00013029757246840745,
    0.0002489436883479357,
    0.0003747789887711406,
    0.0006502259057015181,
    0.001036512665450573,
    0.001736275851726532,
    0.003033582353964448,
    -3.393113729543984e-05,
    -0.0001562953257234767,
    0.0006502259057015181,
    0.0012942447792738676,
    0.002865277463570237,
    -0.10001294314861298,
    0.5211502313613892,
    -1.9854999209201196e-06,
    0.00014911805919837207,
    5.478362800204195e-05,
    5.6696873798500746e-05,
    0.0002376986521994695,
    2.93906923616305e-05,
    0.0014169124187901616,
    2.4150902390829287e-05,
    5.111542122904211e-05,
    6.721883255522698e-05,
    0.0008993199444375932,
    -0.0012317587388679385,
    -0.0012200977653265,
    -2.3322174456552602e-05,
    -0.006762693636119366,
    0.011911306530237198,
    0.012277808040380478,
    0.0253476370126009,
    0.02533615194261074,
    0.5053159594535828,
    -0.0003329509636387229,
    0.5048798322677612,
    -0.0003479508450254798,
    0.5252656936645508,
    0.5254012942314148,
    0.524994432926178,
    0.0015636567259207368,
    -0.0007163683767430484,
    0.07269898802042007,
    0.07824093848466873,
    0.9289194345474243,
    0.5212923884391785,
    -0.058431532233953476,
    0.06168114393949509,
    1.0064889192581177,
    0.32643771171569824,
    -0.06388330459594727,
    -0.017482131719589233,
    0.49830755591392517,
    -0.003384831128641963,
    -0.0033517892006784678,
    0.05267138406634331,
    -6.311280250549316,
    -0.034226611256599426,
    0.061279088258743286,
    -0.0035455741453915834,
    0.4141414761543274,
    0.27896562218666077,
    0.3068929612636566,
    0.5081546902656555,
    0.9234011173248291,
    0.8544988036155701,
    0.011868144385516644,
    0.0352635383605957,
    -0.000317399826599285,
    -0.00018325087148696184,
    0.0005359689239412546,
    0.0001223330618813634,
    0.5047370791435242,
    0.506371021270752,
    0.08233978599309921,
    0.3227993845939636,
    9.931249951478094e-05,
    0.00010047037358162925,
    0.0,
    0.0
  ],
  "feat_std": [
    0.018109004944562912,
    0.025091158226132393,
    0.030825169757008553,
    0.040023308247327805,
    0.05002796649932861,
    0.06338611990213394,
    0.08088458329439163,
    0.018134193494915962,
    0.04026532918214798,
    0.040023308247327805,
    0.055423762649297714,
    0.07896491140127182,
    144.94456481933594,
    0.3436207175254822,
    0.019590403884649277,
    0.02176629565656185,
    0.029971865937113762,
    0.01592165417969227,
    0.0438300296664238,
    0.011674548499286175,
    0.079129159450531,
    0.007021736353635788,
    0.03428669273853302,
    0.03428405150771141,
    0.06713298708200455,
    0.021644694730639458,
    0.020601656287908554,
    0.012066874653100967,
    7.699513912200928,
    0.9999290108680725,
    0.9999246597290039,
    0.014503655955195427,
    0.01582484319806099,
    0.23550449311733246,
    0.25752511620521545,
    0.17893749475479126,
    0.15472789108753204,
    0.21490205824375153,
    0.18843045830726624,
    0.332152396440506,
    0.5568735599517822,
    0.5602757930755615,
    0.05135863274335861,
    0.04221740737557411,
    0.38274621963500977,
    0.2741315960884094,
    0.06275849044322968,
    0.05048154294490814,
    0.31258612871170044,
    12.63848876953125,
    0.4351173937320709,
    0.4577939212322235,
    0.029765618965029716,
    0.059531230479478836,
    0.029949503019452095,
    0.02307584509253502,
    3.401688814163208,
    3.755988597869873,
    0.09551829844713211,
    0.032924409955739975,
    0.2484508752822876,
    0.19640682637691498,
    0.20442311465740204,
    0.49993348121643066,
    1.2383214235305786,
    1.1518778800964355,
    0.009756693616509438,
    0.02501647360622883,
    0.7071067094802856,
    0.7071067094802856,
    0.7069314122200012,
    0.7072818875312805,
    0.29407232999801636,
    0.3159433901309967,
    2.574052095413208,
    4.428971290588379,
    0.00023851623700466007,
    0.00020969987963326275,
    9.99999993922529e-09,
    9.99999993922529e-09
  ],
  "val_auc_5h": 0.4914,
  "val_auc_12h": 0.4886,
  "val_auc_24h": 0.5261
}