{
  "multi_horizon": true,
  "best_head": "12h",
  "seq_len": 48,
  "input_dim": 80,
  "hidden_dim": 192,
  "num_layers": 2,
  "dropout": 0.3,
  "feature_names": [
    "ret_1",
    "ret_2",
    "ret_3",
    "ret_5",
    "ret_8",
    "ret_13",
    "ret_21",
    "log_ret_1",
    "log_ret_5",
    "roc_5",
    "roc_10",
    "roc_20",
    "momentum_accel",
    "price_percentile",
    "dist_MA5",
    "slope_MA5",
    "dist_MA10",
    "slope_MA10",
    "dist_MA20",
    "slope_MA20",
    "dist_MA60",
    "slope_MA60",
    "ma_cross_5_20",
    "ma_cross_5_20_prev",
    "ma_cross_10_60",
    "macd_dif",
    "macd_dea",
    "macd_bar",
    "macd_bar_change",
    "macd_cross",
    "macd_cross_prev",
    "atr_14",
    "atr_5",
    "rsi6",
    "rsi6_slope",
    "rsi12",
    "rsi12_slope",
    "k",
    "d",
    "j",
    "cci",
    "cci_slope",
    "hvol_5",
    "hvol_20",
    "hvol_ratio",
    "hl_position",
    "dist_high_20",
    "dist_low_20",
    "vol_ratio_5_20",
    "vol_change",
    "vol_price_corr_10",
    "vol_price_agree",
    "taker_buy_ratio",
    "ofi",
    "ofi_ma5",
    "ofi_std5",
    "cum_ofi",
    "cum_ofi_slope",
    "large_trade_ratio",
    "buy_sell_pressure",
    "body_ratio",
    "upper_shadow_ratio",
    "lower_shadow_ratio",
    "is_bull",
    "bull_streak",
    "bear_streak",
    "avg_body_3",
    "max_range_3",
    "hour_sin",
    "hour_cos",
    "dow_sin",
    "dow_cos",
    "cum_ret_5_rank",
    "cum_ret_20_rank",
    "sharpe_5",
    "sharpe_20",
    "funding_rate",
    "funding_rate_ma",
    "oi_change",
    "oi_change_5"
  ],
  "feat_mean": [
    3.6702414945466444e-05,
    7.365638157352805e-05,
    0.00010823969932971522,
    0.00017269121599383652,
    0.00026849558344110847,
    0.0004395136493258178,
    0.000713808462023735,
    -4.7540866034978535e-06,
    -2.8289245165069588e-05,
    0.00017269121599383652,
    0.0003365555312484503,
    0.0006796538946218789,
    0.004186947364360094,
    0.5129614472389221,
    5.520001195691293e-06,
    4.128965883865021e-05,
    2.1015237507526763e-05,
    1.4250083950173575e-05,
    5.7925684814108536e-05,
    -1.2237159126016195e-06,
    0.00019179098308086395,
    -9.94489346339833e-06,
    4.685871317633428e-06,
    4.221670224069385e-06,
    6.412556831492111e-05,
    -0.00032414525048807263,
    -0.00032388302497565746,
    -5.243569489721267e-07,
    0.000656318326946348,
    -0.009145784191787243,
    -0.009237241931259632,
    0.012168246321380138,
    0.01216365396976471,
    0.5054792761802673,
    6.765475700376555e-05,
    0.5045103430747986,
    4.182212069281377e-05,
    0.5215887427330017,
    0.5215754508972168,
    0.5216150879859924,
    0.0066692461259663105,
    4.787134821526706e-05,
    0.03471406549215317,
    0.03776899352669716,
    0.9228687882423401,
    0.5117687582969666,
    -0.028244785964488983,
    0.03037841245532036,
    1.0059596300125122,
    0.17899158596992493,
    -0.04280633479356766,
    -0.021254802122712135,
    0.49842074513435364,
    -0.0031585253309458494,
    -0.0031890869140625,
    0.08282826840877533,
    -18.400758743286133,
    0.0012295144842937589,
    0.07780775427818298,
    -0.0035752456169575453,
    0.4277975261211395,
    0.2789950370788574,
    0.29320743680000305,
    0.5030180811882019,
    0.9294860363006592,
    0.9107828736305237,
    0.005697719752788544,
    0.016833260655403137,
    -0.0002493720967322588,
    9.683307143859565e-05,
    -0.0015237476909533143,
    5.563303784583695e-05,
    0.5043198466300964,
    0.5000548362731934,
    0.08179064095020294,
    0.2088209092617035,
    0.00010064103844342753,
    0.00010087969712913036,
    0.0,
    0.0
  ],
  "feat_std": [
    0.00909059215337038,
    0.012946710921823978,
    0.015770530328154564,
    0.02001907490193844,
    0.025041954591870308,
    0.03205487132072449,
    0.040858861058950424,
    0.009114186279475689,
    0.02006988413631916,
    0.02001907490193844,
    0.02805665135383606,
    0.03988546133041382,
    69.69470977783203,
    0.3387538194656372,
    0.009943000040948391,
    0.010842328891158104,
    0.015020257793366909,
    0.00802558846771717,
    0.022154489532113075,
    0.005869916640222073,
    0.03883223235607147,
    0.003405648749321699,
    0.017283732071518898,
    0.017284052446484566,
    0.03283042460680008,
    0.010341517627239227,
    0.009761606343090534,
    0.006068430375307798,
    3.8396193981170654,
    0.9999581575393677,
    0.9999574422836304,
    0.007836812175810337,
    0.008636407554149628,
    0.2261689156293869,
    0.253826767206192,
    0.17228864133358002,
    0.15112236142158508,
    0.20113800466060638,
    0.17541606724262238,
    0.3139925003051758,
    0.5615876317024231,
    0.5675358772277832,
    0.028353124856948853,
    0.02388734184205532,
    0.3953168988227844,
    0.28470921516418457,
    0.030715370550751686,
    0.027960294857621193,
    0.3846587538719177,
    1.0698837041854858,
    0.48819369077682495,
    0.466462641954422,
    0.047501202672719955,
    0.09500239044427872,
    0.049388207495212555,
    0.03698376193642616,
    12.713661193847656,
    0.32223471999168396,
    0.10699859261512756,
    0.054946526885032654,
    0.246751070022583,
    0.20320646464824677,
    0.20670834183692932,
    0.49999088048934937,
    1.246382474899292,
    1.2389799356460571,
    0.005137174855917692,
    0.01379024051129818,
    0.7070809006690979,
    0.7071326375007629,
    0.7074497938156128,
    0.70676189661026,
    0.29405370354652405,
    0.3160153925418854,
    2.57080340385437,
    4.315269947052002,
    0.00024435206432826817,
    0.00023333697754424065,
    9.99999993922529e-09,
    9.99999993922529e-09
  ],
  "val_auc_5h": 0.5257,
  "val_auc_12h": 0.5273,
  "val_auc_24h": 0.5157
}