{
  "input_dim": 101,
  "d_model": 64,
  "n_heads": 4,
  "seq_len": 96,
  "n_params": 148930,
  "feat_mean": [
    5.257604789221659e-05,
    0.00010499162453925237,
    0.00015539306332357228,
    0.0002525129821151495,
    0.00039754589670337737,
    0.0006490320083685219,
    0.0010482714278623462,
    1.6052332284743898e-05,
    7.551423186669126e-05,
    0.0002525129821151495,
    0.0004980908706784248,
    0.0009990367107093334,
    0.004320940002799034,
    0.5175377130508423,
    4.5044886064715683e-05,
    9.651500295149162e-05,
    0.0001089561847038567,
    7.288251799764112e-05,
    0.00024170559481717646,
    5.867920845048502e-05,
    0.0007558530196547508,
    5.070792030892335e-05,
    0.00015448199701495469,
    0.00015393891953863204,
    0.0005527850007638335,
    -0.00014633729006163776,
    -0.00014640188601333648,
    1.2920519054659962e-07,
    0.000666222011204809,
    -0.009221858344972134,
    -0.009298072196543217,
    0.011245133355259895,
    0.011242726817727089,
    0.50652676820755,
    3.9350845327135175e-05,
    0.5055903792381287,
    3.127722447970882e-05,
    0.521950900554657,
    0.5219375491142273,
    0.5219776034355164,
    0.008419062942266464,
    1.1943760910071433e-05,
    0.03219744190573692,
    0.03504760563373566,
    0.9244958758354187,
    0.5133520364761353,
    -0.026058072224259377,
    0.028296027332544327,
    1.0071059465408325,
    0.18463043868541718,
    -0.0388755165040493,
    -0.024121636524796486,
    0.49762850999832153,
    -0.004742978606373072,
    -0.004761567804962397,
    0.08704280108213425,
    -34.734031677246094,
    0.0011414589826017618,
    0.07966237515211105,
    -0.005190117750316858,
    0.4297011196613312,
    0.2774914801120758,
    0.292807400226593,
    0.5049157738685608,
    0.9350659251213074,
    0.9024083614349365,
    0.005279213655740023,
    0.015594239346683025,
    -0.0003715851635206491,
    -4.497890768107027e-05,
    -0.0014485291903838515,
    0.00018892076332122087,
    0.5044387578964233,
    0.502078115940094,
    0.08945576846599579,
    0.23130957782268524,
    0.00010024203220382333,
    0.00010041455971077085,
    0.0,
    0.0,
    2.0821886209887452e-05,
    9.823182335821912e-05,
    0.00040047516813501716,
    0.8595980405807495,
    0.8627204895019531,
    0.00015172742132563144,
    6.336653709411621,
    0.0001837144372984767,
    0.0008817327907308936,
    0.0037263082340359688,
    0.7187986969947815,
    0.7186647057533264,
    -0.0006317734369076788,
    3.151512622833252,
    4.65864286525175e-05,
    0.00021802211995236576,
    0.0009182727080769837,
    0.7660496830940247,
    0.7685800194740295,
    3.193708835169673e-05,
    5.3581318855285645
  ],
  "feat_std": [
    0.00853361003100872,
    0.0121405478566885,
    0.01478943508118391,
    0.018789006397128105,
    0.023529767990112305,
    0.03012850508093834,
    0.03839549049735069,
    0.00855419971048832,
    0.018832478672266006,
    0.018789006397128105,
    0.026363136246800423,
    0.037485502660274506,
    64.96202850341797,
    0.3377680480480194,
    0.00932563841342926,
    0.010178052820265293,
    0.014106771908700466,
    0.00754037918522954,
    0.020815731957554817,
    0.005513204727321863,
    0.03648325055837631,
    0.0031977761536836624,
    0.0162404403090477,
    0.016240699216723442,
    0.030837351456284523,
    0.009694837033748627,
    0.009149650111794472,
    0.005698233377188444,
    3.5802969932556152,
    0.9999575018882751,
    0.9999567270278931,
    0.0075397789478302,
    0.008284740149974823,
    0.22483469545841217,
    0.25367212295532227,
    0.17021869122982025,
    0.15070608258247375,
    0.19975894689559937,
    0.17378577589988708,
    0.31325989961624146,
    0.5594706535339355,
    0.5655196905136108,
    0.027076372876763344,
    0.023035474121570587,
    0.3993518650531769,
    0.28626716136932373,
    0.028926409780979156,
    0.02668025903403759,
    0.39359429478645325,
    1.0873777866363525,
    0.4906461536884308,
    0.46867790818214417,
    0.050167329609394073,
    0.10033464431762695,
    0.052657533437013626,
    0.0392473079264164,
    39.177486419677734,
    0.29415926337242126,
    0.10879611223936081,
    0.05826432257890701,
    0.24765892326831818,
    0.20461025834083557,
    0.20800338685512543,
    0.4999758303165436,
    1.2516790628433228,
    1.2291871309280396,
    0.00489196227863431,
    0.013197451829910278,
    0.7070986032485962,
    0.7071148753166199,
    0.707410454750061,
    0.7068014144897461,
    0.2939316928386688,
    0.3153042495250702,
    2.564100742340088,
    4.257348537445068,
    0.00022675673244521022,
    0.00021665684471372515,
    9.99999993922529e-09,
    9.99999993922529e-09,
    0.006675787270069122,
    0.014718467369675636,
    0.030182039365172386,
    0.11555254459381104,
    0.09433645755052567,
    0.009635462425649166,
    1.746116042137146,
    0.013768515549600124,
    0.029860688373446465,
    0.06176314130425453,
    0.2029103934764862,
    0.1683204621076584,
    0.021660828962922096,
    1.1943188905715942,
    0.009151834063231945,
    0.01960603892803192,
    0.03990006074309349,
    0.17434683442115784,
    0.13937363028526306,
    0.012724238447844982,
    1.8454011678695679
  ],
  "feature_names": [
    "ret_1",
    "ret_2",
    "ret_3",
    "ret_5",
    "ret_8",
    "ret_13",
    "ret_21",
    "log_ret_1",
    "log_ret_5",
    "roc_5",
    "roc_10",
    "roc_20",
    "momentum_accel",
    "price_percentile",
    "dist_MA5",
    "slope_MA5",
    "dist_MA10",
    "slope_MA10",
    "dist_MA20",
    "slope_MA20",
    "dist_MA60",
    "slope_MA60",
    "ma_cross_5_20",
    "ma_cross_5_20_prev",
    "ma_cross_10_60",
    "macd_dif",
    "macd_dea",
    "macd_bar",
    "macd_bar_change",
    "macd_cross",
    "macd_cross_prev",
    "atr_14",
    "atr_5",
    "rsi6",
    "rsi6_slope",
    "rsi12",
    "rsi12_slope",
    "k",
    "d",
    "j",
    "cci",
    "cci_slope",
    "hvol_5",
    "hvol_20",
    "hvol_ratio",
    "hl_position",
    "dist_high_20",
    "dist_low_20",
    "vol_ratio_5_20",
    "vol_change",
    "vol_price_corr_10",
    "vol_price_agree",
    "taker_buy_ratio",
    "ofi",
    "ofi_ma5",
    "ofi_std5",
    "cum_ofi",
    "cum_ofi_slope",
    "large_trade_ratio",
    "buy_sell_pressure",
    "body_ratio",
    "upper_shadow_ratio",
    "lower_shadow_ratio",
    "is_bull",
    "bull_streak",
    "bear_streak",
    "avg_body_3",
    "max_range_3",
    "hour_sin",
    "hour_cos",
    "dow_sin",
    "dow_cos",
    "cum_ret_5_rank",
    "cum_ret_20_rank",
    "sharpe_5",
    "sharpe_20",
    "funding_rate",
    "funding_rate_ma",
    "oi_change",
    "oi_change_5",
    "btc_ret_1",
    "btc_ret_5",
    "btc_ret_21",
    "btc_eth_corr_20",
    "btc_eth_corr_60",
    "btc_rel_strength",
    "btc_vol_ratio",
    "sol_ret_1",
    "sol_ret_5",
    "sol_ret_21",
    "sol_eth_corr_20",
    "sol_eth_corr_60",
    "sol_rel_strength",
    "sol_vol_ratio",
    "bnb_ret_1",
    "bnb_ret_5",
    "bnb_ret_21",
    "bnb_eth_corr_20",
    "bnb_eth_corr_60",
    "bnb_rel_strength",
    "bnb_vol_ratio"
  ]
}