{
  "input_dim": 94,
  "d_model": 64,
  "n_heads": 4,
  "seq_len": 96,
  "n_params": 148482,
  "feat_mean": [
    5.1632614486152306e-05,
    0.00010394797573098913,
    0.0001538980141049251,
    0.000250223558396101,
    0.0003948808880522847,
    0.0006460233125835657,
    0.0010449974797666073,
    1.510744641564088e-05,
    7.321682642214e-05,
    0.000250223558396101,
    0.0004950538277626038,
    0.0009954712586477399,
    0.0007362198666669428,
    0.5175002217292786,
    4.394241113914177e-05,
    9.558693272992969e-05,
    0.00010718329576775432,
    7.21692995284684e-05,
    0.0002392150490777567,
    5.826244887430221e-05,
    0.0007539239595644176,
    5.064058495918289e-05,
    0.00015308352885767817,
    0.00015281850937753916,
    0.0005526361055672169,
    -0.00014672103861812502,
    -0.00014643053873442113,
    -5.810288712382317e-07,
    0.0004305987968109548,
    -0.00933582242578268,
    -0.00941203348338604,
    0.011245060712099075,
    0.011242768727242947,
    0.5064836740493774,
    2.5272676793974824e-05,
    0.5055565237998962,
    1.8540815290180035e-05,
    0.5219178199768066,
    0.5219120979309082,
    0.5219292640686035,
    0.008324247784912586,
    -1.933896965056192e-05,
    0.03219820559024811,
    0.035047415643930435,
    0.9245318174362183,
    0.51331627368927,
    -0.026060162112116814,
    0.028294458985328674,
    1.0071320533752441,
    0.1846785694360733,
    -0.03894783556461334,
    -0.024189306423068047,
    0.49762240052223206,
    0.4296964406967163,
    0.27749332785606384,
    0.29281026124954224,
    0.5048584342002869,
    0.9349541068077087,
    0.9024882912635803,
    0.005279365461319685,
    0.015594804659485817,
    -0.0004032731812912971,
    -7.389222446363419e-05,
    -0.001451752264983952,
    9.649266576161608e-05,
    0.5043903589248657,
    0.5020297169685364,
    0.08909572660923004,
    0.23057350516319275,
    0.00010024201037595049,
    0.00010041427594842389,
    0.0,
    0.0,
    2.0853758542216383e-05,
    9.809261246118695e-05,
    0.00040046402136795223,
    0.859966516494751,
    0.8629577159881592,
    0.0001495772594353184,
    6.336702346801758,
    0.00018362658738624305,
    0.0008809319115243852,
    0.0037247140426188707,
    0.7194539308547974,
    0.7192986607551575,
    -0.0006332619814202189,
    3.1516244411468506,
    4.657589670387097e-05,
    0.00021810655016452074,
    0.0009184524533338845,
    0.7665379047393799,
    0.7689084410667419,
    2.9563285352196544e-05,
    5.357369899749756
  ],
  "feat_std": [
    0.008533782325685024,
    0.01214059442281723,
    0.014789610169827938,
    0.018789440393447876,
    0.023530807346105576,
    0.030129414051771164,
    0.038395971059799194,
    0.008554373867809772,
    0.018832920119166374,
    0.018789440393447876,
    0.026364406570792198,
    0.03748618811368942,
    64.95977020263672,
    0.3377590775489807,
    0.0093259047716856,
    0.010178178548812866,
    0.014107394963502884,
    0.007540582679212093,
    0.020816544070839882,
    0.0055132354609668255,
    0.03648282587528229,
    0.003197728656232357,
    0.016240693628787994,
    0.0162408035248518,
    0.030836747959256172,
    0.009694683365523815,
    0.009149468503892422,
    0.005698590073734522,
    3.580228328704834,
    0.9999564290046692,
    0.9999556541442871,
    0.0075396327301859856,
    0.008284562267363071,
    0.22484678030014038,
    0.2536635398864746,
    0.17023365199565887,
    0.15070214867591858,
    0.1997717022895813,
    0.17379780113697052,
    0.3132674992084503,
    0.5594702959060669,
    0.5654959082603455,
    0.02707582525908947,
    0.023035015910863876,
    0.3993730843067169,
    0.28625550866127014,
    0.028925776481628418,
    0.02668045274913311,
    0.39360594749450684,
    1.08742356300354,
    0.49064579606056213,
    0.4686378538608551,
    0.05016455426812172,
    0.2476481944322586,
    0.20460572838783264,
    0.2079983502626419,
    0.49997636675834656,
    1.251664638519287,
    1.2291699647903442,
    0.004891870077699423,
    0.013197224587202072,
    0.7071034908294678,
    0.7071099281311035,
    0.7073907256126404,
    0.7068212628364563,
    0.2939298152923584,
    0.3153068721294403,
    2.5640804767608643,
    4.257707118988037,
    0.00022675242507830262,
    0.0002166527119698003,
    9.99999993922529e-09,
    9.99999993922529e-09,
    0.006675707176327705,
    0.014717294834554195,
    0.030181363224983215,
    0.11461884528398514,
    0.09424765408039093,
    0.009633665904402733,
    1.746140718460083,
    0.013768044300377369,
    0.02985946461558342,
    0.061761751770973206,
    0.20162683725357056,
    0.1680467128753662,
    0.021657416597008705,
    1.1942387819290161,
    0.009151889942586422,
    0.0196059700101614,
    0.039900053292512894,
    0.17359164357185364,
    0.1393451988697052,
    0.012724027968943119,
    1.8441555500030518
  ],
  "feature_names": [
    "ret_1",
    "ret_2",
    "ret_3",
    "ret_5",
    "ret_8",
    "ret_13",
    "ret_21",
    "log_ret_1",
    "log_ret_5",
    "roc_5",
    "roc_10",
    "roc_20",
    "momentum_accel",
    "price_percentile",
    "dist_MA5",
    "slope_MA5",
    "dist_MA10",
    "slope_MA10",
    "dist_MA20",
    "slope_MA20",
    "dist_MA60",
    "slope_MA60",
    "ma_cross_5_20",
    "ma_cross_5_20_prev",
    "ma_cross_10_60",
    "macd_dif",
    "macd_dea",
    "macd_bar",
    "macd_bar_change",
    "macd_cross",
    "macd_cross_prev",
    "atr_14",
    "atr_5",
    "rsi6",
    "rsi6_slope",
    "rsi12",
    "rsi12_slope",
    "k",
    "d",
    "j",
    "cci",
    "cci_slope",
    "hvol_5",
    "hvol_20",
    "hvol_ratio",
    "hl_position",
    "dist_high_20",
    "dist_low_20",
    "vol_ratio_5_20",
    "vol_change",
    "vol_price_corr_10",
    "vol_price_agree",
    "taker_buy_ratio",
    "body_ratio",
    "upper_shadow_ratio",
    "lower_shadow_ratio",
    "is_bull",
    "bull_streak",
    "bear_streak",
    "avg_body_3",
    "max_range_3",
    "hour_sin",
    "hour_cos",
    "dow_sin",
    "dow_cos",
    "cum_ret_5_rank",
    "cum_ret_20_rank",
    "sharpe_5",
    "sharpe_20",
    "funding_rate",
    "funding_rate_ma",
    "oi_change",
    "oi_change_5",
    "btc_ret_1",
    "btc_ret_5",
    "btc_ret_21",
    "btc_eth_corr_20",
    "btc_eth_corr_60",
    "btc_rel_strength",
    "btc_vol_ratio",
    "sol_ret_1",
    "sol_ret_5",
    "sol_ret_21",
    "sol_eth_corr_20",
    "sol_eth_corr_60",
    "sol_rel_strength",
    "sol_vol_ratio",
    "bnb_ret_1",
    "bnb_ret_5",
    "bnb_ret_21",
    "bnb_eth_corr_20",
    "bnb_eth_corr_60",
    "bnb_rel_strength",
    "bnb_vol_ratio"
  ]
}